{
    "assets": {
        "movr-pad": 9488974201.18063,
        "movr": 343.2075067600664,
        "busd": 580.8499001075859,
        "usdc": 804.3876987466698,
        "toad-network": 463.71059617055926
    },
    "source": "../lily-pad/scripts"
}