{
  "backing-usd": 71756674380.37,
  "ratio-avg": 0.9626925,
  "uniformity-avg": 0.9696449999999999,
  "backed-assets": 40,
  "assets": 65,
  "backing-usd-avg": 1793916859.50925
}