{
  "backing-usd": 69658363335.5,
  "ratio-avg": 0.9931325000000001,
  "uniformity-avg": 0.9699300000000001,
  "backed-assets": 40,
  "assets": 65,
  "backing-usd-avg": 1741459083.3875
}