{
  "backing-usd": 61503890749.04,
  "ratio-avg": 0.890525,
  "uniformity-avg": 0.7798499999999999,
  "backed-assets": 4,
  "assets": 18,
  "backing-usd-avg": 15375972687.26
}