{
  "backing-usd": 61503894151.229996,
  "ratio-avg": 0.86908,
  "uniformity-avg": 0.8093,
  "backed-assets": 5,
  "assets": 19,
  "backing-usd-avg": 12300778830.245998
}