{"backing-usd":18264947359.04,"ratio-avg":0.15071176470588235,"uniformity-avg":0.9481999999999999,"backed-assets":17,"backing-usd-avg":1074408668.1788235}