{
  "backing-usd": 71637695395.34,
  "ratio-avg": 0.9732624999999999,
  "uniformity-avg": 0.96896,
  "backed-assets": 40,
  "assets": 65,
  "backing-usd-avg": 1790942384.8834999
}