{
  "backing-usd": 69656000014.09,
  "ratio-avg": 0.9821574999999999,
  "uniformity-avg": 0.96996,
  "backed-assets": 40,
  "assets": 65,
  "backing-usd-avg": 1741400000.3522499
}