{
  "backing-usd": 71640363556.87001,
  "ratio-avg": 0.9701224999999999,
  "uniformity-avg": 0.9699700000000002,
  "backed-assets": 40,
  "assets": 65,
  "backing-usd-avg": 1791009088.9217503
}