{
  "backing-usd": 69652352421.48999,
  "ratio-avg": 0.9830075,
  "uniformity-avg": 0.9696800000000001,
  "backed-assets": 40,
  "assets": 65,
  "backing-usd-avg": 1741308810.5372498
}