{
  "backing-usd": 69643935037.77,
  "ratio-avg": 0.9861425,
  "uniformity-avg": 0.9697224999999999,
  "backed-assets": 40,
  "assets": 65,
  "backing-usd-avg": 1741098375.94425
}