{
  "backing-usd": 69641341481.06999,
  "ratio-avg": 0.9927249999999999,
  "uniformity-avg": 0.9699275,
  "backed-assets": 40,
  "assets": 65,
  "backing-usd-avg": 1741033537.0267498
}