{
  "backing-usd": 69631697769.78,
  "ratio-avg": 0.9783299999999999,
  "uniformity-avg": 0.9693999999999999,
  "backed-assets": 40,
  "assets": 65,
  "backing-usd-avg": 1740792444.2445
}