{
  "backing-usd": 61503889855.270004,
  "ratio-avg": 0.9644,
  "uniformity-avg": 0.7791250000000001,
  "backed-assets": 4,
  "assets": 18,
  "backing-usd-avg": 15375972463.817501
}