{
  "backing-usd": 71660253493.87,
  "ratio-avg": 0.976675,
  "uniformity-avg": 0.9692800000000001,
  "backed-assets": 40,
  "assets": 65,
  "backing-usd-avg": 1791506337.3467498
}