{
  "backing-usd": 69641452505.56,
  "ratio-avg": 0.9802574999999999,
  "uniformity-avg": 0.9693825,
  "backed-assets": 40,
  "assets": 65,
  "backing-usd-avg": 1741036312.639
}