{
  "backing-usd": 69640857790.19,
  "ratio-avg": 0.9833549999999999,
  "uniformity-avg": 0.9697575,
  "backed-assets": 40,
  "assets": 65,
  "backing-usd-avg": 1741021444.75475
}