{
  "backing-usd": 71758172745.24998,
  "ratio-avg": 0.9627999999999999,
  "uniformity-avg": 0.96983,
  "backed-assets": 40,
  "assets": 65,
  "backing-usd-avg": 1793954318.6312497
}