{
  "backing-usd": 71750110676.95,
  "ratio-avg": 0.9623999999999998,
  "uniformity-avg": 0.9284916666666666,
  "backed-assets": 24,
  "assets": 46,
  "backing-usd-avg": 2989587944.8729167
}