{
  "backing-usd": 71749080624.79999,
  "ratio-avg": 0.917575,
  "uniformity-avg": 0.950215,
  "backed-assets": 20,
  "assets": 41,
  "backing-usd-avg": 3587454031.2399993
}