{
  "backing-usd": 71742557747.81,
  "ratio-avg": 0.963385,
  "uniformity-avg": 0.969905,
  "backed-assets": 40,
  "assets": 65,
  "backing-usd-avg": 1793563943.69525
}