{
  "backing-usd": 71632012399.9,
  "ratio-avg": 0.9723900000000002,
  "uniformity-avg": 0.9691825,
  "backed-assets": 40,
  "assets": 65,
  "backing-usd-avg": 1790800309.9975
}