{
  "backing-usd": 71749107380.37999,
  "ratio-avg": 0.9159500000000002,
  "uniformity-avg": 0.950215,
  "backed-assets": 20,
  "assets": 41,
  "backing-usd-avg": 3587455369.0189996
}