{
  "backing-usd": 71749105208.31999,
  "ratio-avg": 0.9319200000000001,
  "uniformity-avg": 0.950215,
  "backed-assets": 20,
  "assets": 41,
  "backing-usd-avg": 3587455260.4159994
}