{
  "backing-usd": 61384810785.619995,
  "ratio-avg": 0.7792666666666667,
  "uniformity-avg": 0.8397,
  "backed-assets": 6,
  "assets": 20,
  "backing-usd-avg": 10230801797.603333
}