{
  "backing-usd": 71750591768.43001,
  "ratio-avg": 0.9318,
  "uniformity-avg": 0.950215,
  "backed-assets": 20,
  "assets": 41,
  "backing-usd-avg": 3587529588.4215
}