{
  "backing-usd": 18264947359.04,
  "ratio-avg": 0.8540333333333333,
  "uniformity-avg": 0.7064666666666666,
  "backed-assets": 3,
  "assets": 17,
  "backing-usd-avg": 6088315786.346667
}