{
  "backing-usd": 71740336736.05,
  "ratio-avg": 1.022867857142857,
  "uniformity-avg": 0.9589821428571429,
  "backed-assets": 28,
  "assets": 50,
  "backing-usd-avg": 2562154883.4303575
}