{
  "backing-usd": 71740446151.42,
  "ratio-avg": 0.9618052631578947,
  "uniformity-avg": 0.9638210526315789,
  "backed-assets": 38,
  "assets": 65,
  "backing-usd-avg": 1887906477.6689472
}