{
  "backing-usd": 69653797267.94,
  "ratio-avg": 0.98887,
  "uniformity-avg": 0.9698,
  "backed-assets": 40,
  "assets": 65,
  "backing-usd-avg": 1741344931.6985002
}