{
  "backing-usd": 71756324440.01,
  "ratio-avg": 0.9318899999999999,
  "uniformity-avg": 0.950215,
  "backed-assets": 20,
  "assets": 41,
  "backing-usd-avg": 3587816222.0004997
}