{
  "backing-usd": 71740611473.02,
  "ratio-avg": 1.974144736842106,
  "uniformity-avg": 0.7664026315789474,
  "backed-assets": 38,
  "assets": 65,
  "backing-usd-avg": 1887910828.2373686
}