{
  "backing-usd": 61503900370.93,
  "ratio-avg": 0.8194333333333335,
  "uniformity-avg": 0.8397,
  "backed-assets": 6,
  "assets": 20,
  "backing-usd-avg": 10250650061.821667
}