{
  "backing-usd": 69654195795.59,
  "ratio-avg": 0.9844199999999999,
  "uniformity-avg": 0.9697524999999999,
  "backed-assets": 40,
  "assets": 65,
  "backing-usd-avg": 1741354894.88975
}