{
  "backing-usd": 71750153369.04,
  "ratio-avg": 1.0238749999999999,
  "uniformity-avg": 0.9380714285714288,
  "backed-assets": 28,
  "assets": 50,
  "backing-usd-avg": 2562505477.465714
}