{
  "backing-usd": 69638435367.23,
  "ratio-avg": 0.9817649999999999,
  "uniformity-avg": 0.9696875,
  "backed-assets": 40,
  "assets": 65,
  "backing-usd-avg": 1740960884.18075
}