{
  "backing-usd": 65995139613.3,
  "ratio-avg": 0.7792666666666667,
  "uniformity-avg": 0.8397,
  "backed-assets": 6,
  "assets": 20,
  "backing-usd-avg": 10999189935.550001
}