{
	"assets": {
		"pad-toad.network-moonbeam": 6833630437.305681,
		"glmr.wrapped-moonbeam-moonbeam": 7422.069899331382,
		"usdc-multichain-moonbeam": 1226.167533796442,
		"busd-multichain-moonbeam": 846.0104610817741,
		"toad-toad.network-moonbeam": 1004.5757598012117
	},
	"source": "../lily-pad/scripts"
}
