{
    "assets": {
        "glmr-pad": 6833630437.305681,
        "glmr": 7422.069899331382,
        "usdc": 1226.167533796442,
        "busd": 846.0104610817741,
        "toad-network": 1004.5757598012117
    },
    "source": "../lily-pad/scripts"
}