{
	"assets": {
		"pad-toad.network-moonriver": 9488974201.18063,
		"movr.wrapped-moonbeam-moonriver": 343.2075067600664,
		"busd-multichain-moonriver": 580.8499001075859,
		"usdc-multichain-moonriver": 804.3876987466698,
		"toad-toad.network-moonriver": 463.71059617055926
	},
	"source": "../lily-pad/scripts"
}
