{
	"assets": {
		"toad-toad.network-bsc": 5781.8576492905595,
		"pad-toad.network-bsc": 6115227221.205986,
		"bnb-binance-bsc": 36.586637497880055,
		"busd-binance-bsc": 6010.77131342834,
		"pxbsc-bsc": 29915118648.794098,
		"cats-catoshi-bsc": 31911.558344776568,
		"gal-bsc": 590530049247.2657,
		"hoge-multichain-bsc": 13513047.597388366,
		"eth-binance-bsc": 0.17943629710114847,
		"btc-binance-bsc": 0.011811177066700965,
		"fuk-bsc": 10797317722.179977,
		"bjt-bsc": 77938421363.4727,
		"usdc-binance-bsc": 580.9470565152784
	},
	"source": "./scripts"
}
